node,aid,title,ctime,tid,tname,pubdate,duration
607167149,777868669,爸爸！我真的是你亲生的吗？,1673785014,254,亲子,1673785014,21
607167149,692560467,不是每个爸爸都能当首富但是每个爸爸都会打呼噜,1673347498,254,亲子,1673347498,65
607167149,264304125,请帮我捂一下小脚吧 “i love u”,1672148244,254,亲子,1672148244,26
607167149,610164143,小豆腐每天睡前必须要的仪式感,1677566289,254,亲子,1677566289,25
607167149,218176281,看她朝我跑过来的时候，泪目了……,1663428336,254,亲子,1663428335,56
607167149,566241733,始终如一，不忘初心,1675260406,254,亲子,1675260406,40
607167149,989821921,小懒猪怎么叫不醒？,1672915656,254,亲子,1672915655,45
607167149,734451369,这样的女儿你确定你不生一个嘛？,1672417737,254,亲子,1672417737,11
607167149,567065530,这两人估计是上辈子有恩怨，这辈子才会当父女,1676695382,254,亲子,1676695382,66
607167149,477127558,大灰狼前传来了,1672656090,254,亲子,1672656090,35
607167149,392559934,又菜又爱吃,1673261097,254,亲子,1673261097,63
607167149,268587445,看看这对父女是怎么吵架的,1678971065,254,亲子,1678971065,70
607167149,307624232,你都多大了，爸爸,1673403431,254,亲子,1673403431,54
607167149,736392280,女儿你还是太嫩了点,1675675150,254,亲子,1675675150,50
607167149,478608220,我以后要找个像爸爸一样的老公,1675153460,254,亲子,1675153460,58
607167149,482264637,爸爸老是凶我,1677117946,254,亲子,1677117946,45
607167149,991653085,第一次喝快乐水（可乐），好像不是很快乐,1676121157,254,亲子,1676121157,54
607167149,990256440,等我拿到幼儿园文凭看你还怎么骗我,1673618887,254,亲子,1673618887,59
607167149,396351889,我不喜欢你伤心的样子，我希望你开心一点,1679412721,254,亲子,1679412720,21
607167149,949709221,生个女儿吧～和她处成姐妹,1676899769,254,亲子,1676899769,37
607167149,566511918,她真的太可爱了啊啊啊,1675829865,254,亲子,1675829865,20
607167149,863359652,大灰狼我才不跟你走呢,1674626818,254,亲子,1674626818,52
607167149,437581772,妈妈，我快心碎了,1677324737,254,亲子,1677324737,70
607167149,306905448,好腼腆的一个小甜心呀,1672235984,254,亲子,1672235984,12
607167149,568197903,还有什么办法能让爸爸打呼噜小声点,1678185011,254,亲子,1678185011,48
607167149,778091004,刚摆脱睡觉困难户的称号，现在是洗澡困难户了,1674124995,254,亲子,1674124995,54
607167149,441786248,做梦的的时候都想亲亲姐姐,1680080615,254,亲子,1680080615,19
607167149,949140221,没有人是多余的,1676031967,254,亲子,1676031967,51
607167149,821963361,有这样的女儿就想赶快放学接她回家,1676559295,254,亲子,1676559295,9
607167149,693511618,这小孩多少有点油腻,1675165531,254,亲子,1675165531,33
607167149,949263559,女儿的眼泪最致命,1676286740,254,亲子,1676286740,10
607167149,612408102,嗞他,1681288070,254,亲子,1681288070,13
607167149,951261935,难道小孩子都不喜欢刷牙吗？,1679310895,254,亲子,1679310895,62
607167149,692124428,我最爱爸爸了～,1672483295,254,亲子,1672483294,37
607167149,905633656,小豆腐祝大家新年快乐,1674365999,254,亲子,1674365999,12
607167149,993027662,今天被女儿教育了,1677939707,254,亲子,1677939707,48
607167149,734944795,鬼火已经停不下啦～,1673081989,254,亲子,1673081989,8
607167149,437713243,好想出去玩呀～,1677496238,254,亲子,1677496238,84
607167149,483163923,换一个不打呼噜的爸爸,1678272213,254,亲子,1678272213,72
607167149,440909178,小豆腐公主的一天（上集）,1678773096,254,亲子,1678773096,67
264304125,525601251,我姐怎么一点分寸感都没有,1678172846,21,日常,1678172846,12
264304125,734451369,这样的女儿你确定你不生一个嘛？,1672417737,254,亲子,1672417737,11
264304125,441786248,做梦的的时候都想亲亲姐姐,1680080615,254,亲子,1680080615,19
264304125,218176281,看她朝我跑过来的时候，泪目了……,1663428336,254,亲子,1663428335,56
264304125,820722045,回村前vs回村后,1674441343,254,亲子,1674441343,25
264304125,653923085,婴语 真好听,1679463454,254,亲子,1679463453,22
264304125,440435715,从小就让她知道，这社会险恶～,1677907707,254,亲子,1677907707,17
264304125,607167149,爸爸你会救我吗？,1672741957,254,亲子,1672741956,77
264304125,736392280,女儿你还是太嫩了点,1675675150,254,亲子,1675675150,50
264304125,604758747,当时真的只是想嘲笑一下她的小肚子…,1667554378,138,搞笑,1667554378,15
264304125,391684103,救命，女儿想拍婚纱照！,1671861989,254,亲子,1671861988,60
264304125,478608220,我以后要找个像爸爸一样的老公,1675153460,254,亲子,1675153460,58
264304125,566511918,她真的太可爱了啊啊啊,1675829865,254,亲子,1675829865,20
264304125,93530485,怎么这么可爱，萌化我了～,1583330868,138,搞笑,1583330868,14
264304125,349688390,好羡慕女儿的松弛感,1672714649,254,亲子,1672714649,18
264304125,991653085,第一次喝快乐水（可乐），好像不是很快乐,1676121157,254,亲子,1676121157,54
264304125,522787191,谁来教她生气,1673606792,254,亲子,1673606792,31
264304125,641199726,论找一个帅气男朋友的重要性,1651456122,242,粉丝创作,1651456122,70
264304125,693511618,这小孩多少有点油腻,1675165531,254,亲子,1675165531,33
264304125,392559934,又菜又爱吃,1673261097,254,亲子,1673261097,63
264304125,863359652,大灰狼我才不跟你走呢,1674626818,254,亲子,1674626818,52
264304125,483163923,换一个不打呼噜的爸爸,1678272213,254,亲子,1678272213,72
264304125,767738133,她竟然被爸爸吓哭了……,1648519546,254,亲子,1648519546,28
264304125,307624232,你都多大了，爸爸,1673403431,254,亲子,1673403431,54
264304125,990256440,等我拿到幼儿园文凭看你还怎么骗我,1673618887,254,亲子,1673618887,59
264304125,76744158,如果生孩子不是用来玩的，那将毫无乐趣!,1574507072,254,亲子,1574507072,15
264304125,566241733,始终如一，不忘初心,1675260406,254,亲子,1675260406,40
264304125,989821921,小懒猪怎么叫不醒？,1672915656,254,亲子,1672915655,45
264304125,301393821,趁大人不注意她自己来了段自拍,1659198030,254,亲子,1659198030,12
264304125,334443285,人类幼崽打针实录,1627636953,254,亲子,1627636953,25
264304125,610164143,小豆腐每天睡前必须要的仪式感,1677566289,254,亲子,1677566289,25
264304125,949709221,生个女儿吧～和她处成姐妹,1676899769,254,亲子,1676899769,37
264304125,612408102,嗞他,1681288070,254,亲子,1681288070,13
264304125,949263559,女儿的眼泪最致命,1676286740,254,亲子,1676286740,10
264304125,306905448,好腼腆的一个小甜心呀,1672235984,254,亲子,1672235984,12
264304125,351433958,双胞胎每天睡前仪式～,1675752844,254,亲子,1675752844,31
264304125,568197903,还有什么办法能让爸爸打呼噜小声点,1678185011,254,亲子,1678185011,48
264304125,266719405,据说这是3岁以下宝宝都能对上的暗号,1676181534,254,亲子,1676181534,14
264304125,391581353,她真的只有芝麻儿大点～,1671549297,254,亲子,1671549297,17
264304125,225999388,当你生了一个完美的宝宝～,1678759462,254,亲子,1678759462,33
949709221,566284284,爸爸这是三过家门才敢入啊,1675580114,254,亲子,1675580114,46
949709221,734451369,这样的女儿你确定你不生一个嘛？,1672417737,254,亲子,1672417737,11
949709221,264304125,请帮我捂一下小脚吧 “i love u”,1672148244,254,亲子,1672148244,26
949709221,567065530,这两人估计是上辈子有恩怨，这辈子才会当父女,1676695382,254,亲子,1676695382,66
949709221,607167149,爸爸你会救我吗？,1672741957,254,亲子,1672741956,77
949709221,394741598,基因真的是很神奇啊，将两个人，完全不一样的特征结合成一个人❤️。你有几分像爸妈？评论区见～#刘格格 #骗你生女儿 #强大的遗传基因,1676803316,254,亲子,1676803316,19
949709221,441786248,做梦的的时候都想亲亲姐姐,1680080615,254,亲子,1680080615,19
949709221,990256440,等我拿到幼儿园文凭看你还怎么骗我,1673618887,254,亲子,1673618887,59
949709221,268587445,看看这对父女是怎么吵架的,1678971065,254,亲子,1678971065,70
949709221,736392280,女儿你还是太嫩了点,1675675150,254,亲子,1675675150,50
949709221,693511618,这小孩多少有点油腻,1675165531,254,亲子,1675165531,33
949709221,612408102,嗞他,1681288070,254,亲子,1681288070,13
949709221,949263559,女儿的眼泪最致命,1676286740,254,亲子,1676286740,10
949709221,993027662,今天被女儿教育了,1677939707,254,亲子,1677939707,48
949709221,820722045,回村前vs回村后,1674441343,254,亲子,1674441343,25
949709221,392559934,又菜又爱吃,1673261097,254,亲子,1673261097,63
949709221,991653085,第一次喝快乐水（可乐），好像不是很快乐,1676121157,254,亲子,1676121157,54
949709221,566241733,始终如一，不忘初心,1675260406,254,亲子,1675260406,40
949709221,296705310,我竟然真的生了一个人,1645434532,254,亲子,1645434532,46
949709221,391684103,救命，女儿想拍婚纱照！,1671861989,254,亲子,1671861988,60
949709221,483163923,换一个不打呼噜的爸爸,1678272213,254,亲子,1678272213,72
949709221,950035003,不后悔给女儿睡圆头！,1677337544,254,亲子,1677337544,12
949709221,696391084,要打败AI ～只需一个话痨宝宝～,1679457475,254,亲子,1679457475,29
949709221,395928113,老婆给我生了个女儿,1678696365,138,搞笑,1678696365,15
949709221,989821921,小懒猪怎么叫不醒？,1672915656,254,亲子,1672915655,45
949709221,907015329,笑不活了，当人类幼崽第一次吃饭奶粉以外的东西……,1676696664,254,亲子,1676696664,10
949709221,610164143,小豆腐每天睡前必须要的仪式感,1677566289,254,亲子,1677566289,25
949709221,821963361,有这样的女儿就想赶快放学接她回家,1676559295,254,亲子,1676559295,9
949709221,478608220,我以后要找个像爸爸一样的老公,1675153460,254,亲子,1675153460,58
949709221,482264637,爸爸老是凶我,1677117946,254,亲子,1677117946,45
949709221,863359652,大灰狼我才不跟你走呢,1674626818,254,亲子,1674626818,52
949709221,307624232,你都多大了，爸爸,1673403431,254,亲子,1673403431,54
949709221,822783731,去接她的时候稍微晚了点点。刚好就拍到这个 哈哈哈～ 小孩子真的什么都写在脸上啊…完全一点藏不住😂😂#骗你生女儿 #刘格格 #这也太可爱了吧,1677666465,254,亲子,1677666465,68
949709221,991760579,我以为她已经够丑了……,1676348299,138,搞笑,1676348299,10
949709221,435375118,爸爸想和女儿玩捧脸杀，结果女儿误解，吐出“内丹”。网友：她把最喜欢的都给你了,1673946293,21,日常,1673946293,15
949709221,693750516,《当人类幼崽想喝奶茶》,1675409105,254,亲子,1675409105,44
949709221,441339502,防臭小子计划第一课:教女儿装系统！,1679341702,95,数码,1679364000,609
949709221,567987250,水母头你散着的时候它是水母头～ 很多时候你可以让它变成其他发型 哈哈～ 不香吗？ 就真的是可塑性很强😏#刘格格 #骗你生女儿 #水母头,1677929850,254,亲子,1677929850,47
949709221,692560467,不是每个爸爸都能当首富但是每个爸爸都会打呼噜,1673347498,254,亲子,1673347498,65
949709221,694984624,全家一起玩桌游，这小孩咋这么多心眼呢,1677288532,173,桌游棋牌,1677288600,538
734451369,264304125,请帮我捂一下小脚吧 “i love u”,1672148244,254,亲子,1672148244,26
734451369,777868669,爸爸！我真的是你亲生的吗？,1673785014,254,亲子,1673785014,21
734451369,332703769,爸爸的外套太有安全感了,1618671624,21,日常,1618671624,24
734451369,306905448,好腼腆的一个小甜心呀,1672235984,254,亲子,1672235984,12
734451369,567065530,这两人估计是上辈子有恩怨，这辈子才会当父女,1676695382,254,亲子,1676695382,66
734451369,989821921,小懒猪怎么叫不醒？,1672915656,254,亲子,1672915655,45
734451369,949263559,女儿的眼泪最致命,1676286740,254,亲子,1676286740,10
734451369,441786248,做梦的的时候都想亲亲姐姐,1680080615,254,亲子,1680080615,19
734451369,736392280,女儿你还是太嫩了点,1675675150,254,亲子,1675675150,50
734451369,990256440,等我拿到幼儿园文凭看你还怎么骗我,1673618887,254,亲子,1673618887,59
734451369,949709221,生个女儿吧～和她处成姐妹,1676899769,254,亲子,1676899769,37
734451369,821963361,有这样的女儿就想赶快放学接她回家,1676559295,254,亲子,1676559295,9
734451369,607167149,爸爸你会救我吗？,1672741957,254,亲子,1672741956,77
734451369,483163923,换一个不打呼噜的爸爸,1678272213,254,亲子,1678272213,72
734451369,386684124,丈夫一身怒火教育女儿，女儿1句话就给他怒气怼消，妻子羡慕不已,1659794409,21,日常,1659794409,44
734451369,566241733,始终如一，不忘初心,1675260406,254,亲子,1675260406,40
734451369,942424212,有了女儿之后 爸爸已经没办法拒绝女儿的要求了,1661574700,250,出行,1661574700,12
734451369,610164143,小豆腐每天睡前必须要的仪式感,1677566289,254,亲子,1677566289,25
734451369,693511618,这小孩多少有点油腻,1675165531,254,亲子,1675165531,33
734451369,692560467,不是每个爸爸都能当首富但是每个爸爸都会打呼噜,1673347498,254,亲子,1673347498,65
734451369,478608220,我以后要找个像爸爸一样的老公,1675153460,254,亲子,1675153460,58
734451369,392559934,又菜又爱吃,1673261097,254,亲子,1673261097,63
734451369,692124428,我最爱爸爸了～,1672483295,254,亲子,1672483294,37
734451369,991653085,第一次喝快乐水（可乐），好像不是很快乐,1676121157,254,亲子,1676121157,54
734451369,268587445,看看这对父女是怎么吵架的,1678971065,254,亲子,1678971065,70
734451369,863359652,大灰狼我才不跟你走呢,1674626818,254,亲子,1674626818,52
734451369,820722045,回村前vs回村后,1674441343,254,亲子,1674441343,25
734451369,839690350,男人这一辈子必须要有一个女儿,1600583200,21,日常,1600583200,32
734451369,568197903,还有什么办法能让爸爸打呼噜小声点,1678185011,254,亲子,1678185011,48
734451369,482264637,爸爸老是凶我,1677117946,254,亲子,1677117946,45
734451369,949140221,没有人是多余的,1676031967,254,亲子,1676031967,51
734451369,778091004,刚摆脱睡觉困难户的称号，现在是洗澡困难户了,1674124995,254,亲子,1674124995,54
734451369,696900122,好难啊！想给他买又不能什么都给他买,1680496734,254,亲子,1680496734,65
734451369,308394301,我的爸爸由我来守护,1674904467,254,亲子,1674904467,19
734451369,948804077,难道小孩都不喜欢睡觉吗,1675433588,254,亲子,1675433588,19
734451369,396351889,我不喜欢你伤心的样子，我希望你开心一点,1679412721,254,亲子,1679412720,21
734451369,612408102,嗞他,1681288070,254,亲子,1681288070,13
734451369,909778161,她真是又可怜又可爱～竟然还那么懂事～,1681137386,254,亲子,1681137386,69
734451369,566511918,她真的太可爱了啊啊啊,1675829865,254,亲子,1675829865,20
734451369,612700983,这就是要生女儿的原因,1681805859,254,亲子,1681805858,33
693511618,264304125,请帮我捂一下小脚吧 “i love u”,1672148244,254,亲子,1672148244,26
693511618,567065530,这两人估计是上辈子有恩怨，这辈子才会当父女,1676695382,254,亲子,1676695382,66
693511618,607167149,爸爸你会救我吗？,1672741957,254,亲子,1672741956,77
693511618,777868669,爸爸！我真的是你亲生的吗？,1673785014,254,亲子,1673785014,21
693511618,949263559,女儿的眼泪最致命,1676286740,254,亲子,1676286740,10
693511618,734451369,这样的女儿你确定你不生一个嘛？,1672417737,254,亲子,1672417737,11
693511618,990256440,等我拿到幼儿园文凭看你还怎么骗我,1673618887,254,亲子,1673618887,59
693511618,610164143,小豆腐每天睡前必须要的仪式感,1677566289,254,亲子,1677566289,25
693511618,306905448,好腼腆的一个小甜心呀,1672235984,254,亲子,1672235984,12
693511618,483163923,换一个不打呼噜的爸爸,1678272213,254,亲子,1678272213,72
693511618,949709221,生个女儿吧～和她处成姐妹,1676899769,254,亲子,1676899769,37
693511618,268587445,看看这对父女是怎么吵架的,1678971065,254,亲子,1678971065,70
693511618,566511918,她真的太可爱了啊啊啊,1675829865,254,亲子,1675829865,20
693511618,568197903,还有什么办法能让爸爸打呼噜小声点,1678185011,254,亲子,1678185011,48
693511618,566241733,始终如一，不忘初心,1675260406,254,亲子,1675260406,40
693511618,392559934,又菜又爱吃,1673261097,254,亲子,1673261097,63
693511618,989821921,小懒猪怎么叫不醒？,1672915656,254,亲子,1672915655,45
693511618,612408102,嗞他,1681288070,254,亲子,1681288070,13
693511618,692560467,不是每个爸爸都能当首富但是每个爸爸都会打呼噜,1673347498,254,亲子,1673347498,65
693511618,696900122,好难啊！想给他买又不能什么都给他买,1680496734,254,亲子,1680496734,65
693511618,736392280,女儿你还是太嫩了点,1675675150,254,亲子,1675675150,50
693511618,441786248,做梦的的时候都想亲亲姐姐,1680080615,254,亲子,1680080615,19
693511618,993997543,一到丽江，瞬间不搞笑了,1679566551,254,亲子,1679566551,25
693511618,612700983,这就是要生女儿的原因,1681805859,254,亲子,1681805858,33
693511618,863359652,大灰狼我才不跟你走呢,1674626818,254,亲子,1674626818,52
693511618,482264637,爸爸老是凶我,1677117946,254,亲子,1677117946,45
693511618,991653085,第一次喝快乐水（可乐），好像不是很快乐,1676121157,254,亲子,1676121157,54
693511618,949140221,没有人是多余的,1676031967,254,亲子,1676031967,51
693511618,354305660,一定要给小孩拍一组这样的照片,1680152603,254,亲子,1680152603,39
693511618,437581772,妈妈，我快心碎了,1677324737,254,亲子,1677324737,70
693511618,396351889,我不喜欢你伤心的样子，我希望你开心一点,1679412721,254,亲子,1679412720,21
693511618,692124428,我最爱爸爸了～,1672483295,254,亲子,1672483294,37
693511618,778091004,刚摆脱睡觉困难户的称号，现在是洗澡困难户了,1674124995,254,亲子,1674124995,54
693511618,440909178,小豆腐公主的一天（上集）,1678773096,254,亲子,1678773096,67
693511618,477127558,大灰狼前传来了,1672656090,254,亲子,1672656090,35
693511618,821963361,有这样的女儿就想赶快放学接她回家,1676559295,254,亲子,1676559295,9
693511618,993027662,今天被女儿教育了,1677939707,254,亲子,1677939707,48
693511618,478608220,我以后要找个像爸爸一样的老公,1675153460,254,亲子,1675153460,58
693511618,385082579,什么是孙女？每天被她气到…还是会继续爱她,1655457650,254,亲子,1655457650,24
693511618,437713243,好想出去玩呀～,1677496238,254,亲子,1677496238,84
567065530,736392280,女儿你还是太嫩了点,1675675150,254,亲子,1675675150,50
567065530,693511618,这小孩多少有点油腻,1675165531,254,亲子,1675165531,33
567065530,268587445,看看这对父女是怎么吵架的,1678971065,254,亲子,1678971065,70
567065530,692560467,不是每个爸爸都能当首富但是每个爸爸都会打呼噜,1673347498,254,亲子,1673347498,65
567065530,437126631,爸爸: 全部都是她自愿说的,1676891861,254,亲子,1676891861,53
567065530,392559934,又菜又爱吃,1673261097,254,亲子,1673261097,63
567065530,612408102,嗞他,1681288070,254,亲子,1681288070,13
567065530,991653085,第一次喝快乐水（可乐），好像不是很快乐,1676121157,254,亲子,1676121157,54
567065530,949709221,生个女儿吧～和她处成姐妹,1676899769,254,亲子,1676899769,37
567065530,483163923,换一个不打呼噜的爸爸,1678272213,254,亲子,1678272213,72
567065530,609486076,这件小棉袄好像有点漏风……,1676520449,254,亲子,1676520449,82
567065530,863359652,大灰狼我才不跟你走呢,1674626818,254,亲子,1674626818,52
567065530,949263559,女儿的眼泪最致命,1676286740,254,亲子,1676286740,10
567065530,482410762,是有点反骨在身上,1677205676,254,亲子,1677205676,67
567065530,477127558,大灰狼前传来了,1672656090,254,亲子,1672656090,35
567065530,820722045,回村前vs回村后,1674441343,254,亲子,1674441343,25
567065530,948804077,难道小孩都不喜欢睡觉吗,1675433588,254,亲子,1675433588,19
567065530,396351889,我不喜欢你伤心的样子，我希望你开心一点,1679412721,254,亲子,1679412720,21
567065530,308394301,我的爸爸由我来守护,1674904467,254,亲子,1674904467,19
567065530,607167149,爸爸你会救我吗？,1672741957,254,亲子,1672741956,77
567065530,522787191,谁来教她生气,1673606792,254,亲子,1673606792,31
567065530,692124428,我最爱爸爸了～,1672483295,254,亲子,1672483294,37
567065530,970398760,女儿在做网课老师布置的视频作业，爸爸以为她在录着玩,1606558061,254,亲子,1606558061,82
567065530,306905448,好腼腆的一个小甜心呀,1672235984,254,亲子,1672235984,12
567065530,441786248,做梦的的时候都想亲亲姐姐,1680080615,254,亲子,1680080615,19
567065530,437713243,好想出去玩呀～,1677496238,254,亲子,1677496238,84
567065530,568004318,爸爸已经哭晕在厕所,1678108974,254,亲子,1678108974,21
567065530,821963361,有这样的女儿就想赶快放学接她回家,1676559295,254,亲子,1676559295,9
567065530,440909178,小豆腐公主的一天（上集）,1678773096,254,亲子,1678773096,67
567065530,696900122,好难啊！想给他买又不能什么都给他买,1680496734,254,亲子,1680496734,65
567065530,437581772,妈妈，我快心碎了,1677324737,254,亲子,1677324737,70
567065530,734944795,鬼火已经停不下啦～,1673081989,254,亲子,1673081989,8
567065530,909778161,她真是又可怜又可爱～竟然还那么懂事～,1681137386,254,亲子,1681137386,69
567065530,951261935,难道小孩子都不喜欢刷牙吗？,1679310895,254,亲子,1679310895,62
567065530,993997543,一到丽江，瞬间不搞笑了,1679566551,254,亲子,1679566551,25
567065530,780860606,人生路很长，不用什么事都自己抗,1678535491,254,亲子,1678535491,73
567065530,905633656,小豆腐祝大家新年快乐,1674365999,254,亲子,1674365999,12
567065530,782131568,呜呜呜，我真的感动哭了,1680792004,254,亲子,1680792004,47
567065530,942019814,有一点聪明，但是好像不多,1660557867,254,亲子,1660557867,24
567065530,778091004,刚摆脱睡觉困难户的称号，现在是洗澡困难户了,1674124995,254,亲子,1674124995,54
949263559,567065530,这两人估计是上辈子有恩怨，这辈子才会当父女,1676695382,254,亲子,1676695382,66
949263559,693511618,这小孩多少有点油腻,1675165531,254,亲子,1675165531,33
949263559,268587445,看看这对父女是怎么吵架的,1678971065,254,亲子,1678971065,70
949263559,692560467,不是每个爸爸都能当首富但是每个爸爸都会打呼噜,1673347498,254,亲子,1673347498,65
949263559,612408102,嗞他,1681288070,254,亲子,1681288070,13
949263559,308394301,我的爸爸由我来守护,1674904467,254,亲子,1674904467,19
949263559,696900122,好难啊！想给他买又不能什么都给他买,1680496734,254,亲子,1680496734,65
949263559,905633656,小豆腐祝大家新年快乐,1674365999,254,亲子,1674365999,12
949263559,483163923,换一个不打呼噜的爸爸,1678272213,254,亲子,1678272213,72
949263559,777868669,爸爸！我真的是你亲生的吗？,1673785014,254,亲子,1673785014,21
949263559,264304125,请帮我捂一下小脚吧 “i love u”,1672148244,254,亲子,1672148244,26
949263559,736392280,女儿你还是太嫩了点,1675675150,254,亲子,1675675150,50
949263559,821963361,有这样的女儿就想赶快放学接她回家,1676559295,254,亲子,1676559295,9
949263559,392559934,又菜又爱吃,1673261097,254,亲子,1673261097,63
949263559,441786248,做梦的的时候都想亲亲姐姐,1680080615,254,亲子,1680080615,19
949263559,437713243,好想出去玩呀～,1677496238,254,亲子,1677496238,84
949263559,951261935,难道小孩子都不喜欢刷牙吗？,1679310895,254,亲子,1679310895,62
949263559,607167149,爸爸你会救我吗？,1672741957,254,亲子,1672741956,77
949263559,991653085,第一次喝快乐水（可乐），好像不是很快乐,1676121157,254,亲子,1676121157,54
949263559,440909178,小豆腐公主的一天（上集）,1678773096,254,亲子,1678773096,67
949263559,396351889,我不喜欢你伤心的样子，我希望你开心一点,1679412721,254,亲子,1679412720,21
949263559,692124428,我最爱爸爸了～,1672483295,254,亲子,1672483294,37
949263559,949709221,生个女儿吧～和她处成姐妹,1676899769,254,亲子,1676899769,37
949263559,948804077,难道小孩都不喜欢睡觉吗,1675433588,254,亲子,1675433588,19
949263559,477127558,大灰狼前传来了,1672656090,254,亲子,1672656090,35
949263559,734944795,鬼火已经停不下啦～,1673081989,254,亲子,1673081989,8
949263559,993997543,一到丽江，瞬间不搞笑了,1679566551,254,亲子,1679566551,25
949263559,863359652,大灰狼我才不跟你走呢,1674626818,254,亲子,1674626818,52
949263559,782131568,呜呜呜，我真的感动哭了,1680792004,254,亲子,1680792004,47
949263559,478608220,我以后要找个像爸爸一样的老公,1675153460,254,亲子,1675153460,58
949263559,610164143,小豆腐每天睡前必须要的仪式感,1677566289,254,亲子,1677566289,25
949263559,734451369,这样的女儿你确定你不生一个嘛？,1672417737,254,亲子,1672417737,11
949263559,993027662,今天被女儿教育了,1677939707,254,亲子,1677939707,48
949263559,385082579,什么是孙女？每天被她气到…还是会继续爱她,1655457650,254,亲子,1655457650,24
949263559,437581772,妈妈，我快心碎了,1677324737,254,亲子,1677324737,70
949263559,989606772,小豆腐祝你新年快乐啦,1672574758,254,亲子,1672574758,18
949263559,354305660,一定要给小孩拍一组这样的照片,1680152603,254,亲子,1680152603,39
949263559,306905448,好腼腆的一个小甜心呀,1672235984,254,亲子,1672235984,12
949263559,942019814,有一点聪明，但是好像不多,1660557867,254,亲子,1660557867,24
949263559,949140221,没有人是多余的,1676031967,254,亲子,1676031967,51
736392280,777868669,爸爸！我真的是你亲生的吗？,1673785014,254,亲子,1673785014,21
736392280,949263559,女儿的眼泪最致命,1676286740,254,亲子,1676286740,10
736392280,392559934,又菜又爱吃,1673261097,254,亲子,1673261097,63
736392280,693511618,这小孩多少有点油腻,1675165531,254,亲子,1675165531,33
736392280,268587445,看看这对父女是怎么吵架的,1678971065,254,亲子,1678971065,70
736392280,437126631,爸爸: 全部都是她自愿说的,1676891861,254,亲子,1676891861,53
736392280,607167149,爸爸你会救我吗？,1672741957,254,亲子,1672741956,77
736392280,949709221,生个女儿吧～和她处成姐妹,1676899769,254,亲子,1676899769,37
736392280,991653085,第一次喝快乐水（可乐），好像不是很快乐,1676121157,254,亲子,1676121157,54
736392280,692560467,不是每个爸爸都能当首富但是每个爸爸都会打呼噜,1673347498,254,亲子,1673347498,65
736392280,948804077,难道小孩都不喜欢睡觉吗,1675433588,254,亲子,1675433588,19
736392280,821963361,有这样的女儿就想赶快放学接她回家,1676559295,254,亲子,1676559295,9
736392280,696900122,好难啊！想给他买又不能什么都给他买,1680496734,254,亲子,1680496734,65
736392280,264304125,请帮我捂一下小脚吧 “i love u”,1672148244,254,亲子,1672148244,26
736392280,863359652,大灰狼我才不跟你走呢,1674626818,254,亲子,1674626818,52
736392280,396351889,我不喜欢你伤心的样子，我希望你开心一点,1679412721,254,亲子,1679412720,21
736392280,477127558,大灰狼前传来了,1672656090,254,亲子,1672656090,35
736392280,441786248,做梦的的时候都想亲亲姐姐,1680080615,254,亲子,1680080615,19
736392280,306905448,好腼腆的一个小甜心呀,1672235984,254,亲子,1672235984,12
736392280,308394301,我的爸爸由我来守护,1674904467,254,亲子,1674904467,19
736392280,483163923,换一个不打呼噜的爸爸,1678272213,254,亲子,1678272213,72
736392280,437713243,好想出去玩呀～,1677496238,254,亲子,1677496238,84
736392280,612408102,嗞他,1681288070,254,亲子,1681288070,13
736392280,437581772,妈妈，我快心碎了,1677324737,254,亲子,1677324737,70
736392280,820722045,回村前vs回村后,1674441343,254,亲子,1674441343,25
736392280,440909178,小豆腐公主的一天（上集）,1678773096,254,亲子,1678773096,67
736392280,905633656,小豆腐祝大家新年快乐,1674365999,254,亲子,1674365999,12
736392280,567065530,这两人估计是上辈子有恩怨，这辈子才会当父女,1676695382,254,亲子,1676695382,66
736392280,990256440,等我拿到幼儿园文凭看你还怎么骗我,1673618887,254,亲子,1673618887,59
736392280,782131568,呜呜呜，我真的感动哭了,1680792004,254,亲子,1680792004,47
736392280,778091004,刚摆脱睡觉困难户的称号，现在是洗澡困难户了,1674124995,254,亲子,1674124995,54
736392280,951261935,难道小孩子都不喜欢刷牙吗？,1679310895,254,亲子,1679310895,62
736392280,993997543,一到丽江，瞬间不搞笑了,1679566551,254,亲子,1679566551,25
736392280,609486076,这件小棉袄好像有点漏风……,1676520449,254,亲子,1676520449,82
736392280,566511918,她真的太可爱了啊啊啊,1675829865,254,亲子,1675829865,20
736392280,568004318,爸爸已经哭晕在厕所,1678108974,254,亲子,1678108974,21
736392280,782106586,爸爸的快乐就是把女儿惹哭～,1680527940,254,亲子,1680527940,33
736392280,902776308,爸爸从小就是真爱，不服来辩,1668852723,254,亲子,1668852722,22
736392280,522787191,谁来教她生气,1673606792,254,亲子,1673606792,31
736392280,354305660,一定要给小孩拍一组这样的照片,1680152603,254,亲子,1680152603,39
989821921,483163923,换一个不打呼噜的爸爸,1678272213,254,亲子,1678272213,72
989821921,567065530,这两人估计是上辈子有恩怨，这辈子才会当父女,1676695382,254,亲子,1676695382,66
989821921,607167149,爸爸你会救我吗？,1672741957,254,亲子,1672741956,77
989821921,949709221,生个女儿吧～和她处成姐妹,1676899769,254,亲子,1676899769,37
989821921,218176281,看她朝我跑过来的时候，泪目了……,1663428336,254,亲子,1663428335,56
989821921,863359652,大灰狼我才不跟你走呢,1674626818,254,亲子,1674626818,52
989821921,478608220,我以后要找个像爸爸一样的老公,1675153460,254,亲子,1675153460,58
989821921,991653085,第一次喝快乐水（可乐），好像不是很快乐,1676121157,254,亲子,1676121157,54
989821921,268587445,看看这对父女是怎么吵架的,1678971065,254,亲子,1678971065,70
989821921,949140221,没有人是多余的,1676031967,254,亲子,1676031967,51
989821921,990256440,等我拿到幼儿园文凭看你还怎么骗我,1673618887,254,亲子,1673618887,59
989821921,482264637,爸爸老是凶我,1677117946,254,亲子,1677117946,45
989821921,264304125,请帮我捂一下小脚吧 “i love u”,1672148244,254,亲子,1672148244,26
989821921,692560467,不是每个爸爸都能当首富但是每个爸爸都会打呼噜,1673347498,254,亲子,1673347498,65
989821921,392559934,又菜又爱吃,1673261097,254,亲子,1673261097,63
989821921,778091004,刚摆脱睡觉困难户的称号，现在是洗澡困难户了,1674124995,254,亲子,1674124995,54
989821921,610164143,小豆腐每天睡前必须要的仪式感,1677566289,254,亲子,1677566289,25
989821921,780860606,人生路很长，不用什么事都自己抗,1678535491,254,亲子,1678535491,73
989821921,735042159,她怎么这么爱笑,1673360124,254,亲子,1673360124,25
989821921,819865209,她是微笑着拒绝我欸,1672984854,254,亲子,1672984854,31
989821921,518811667,像极了刚睡醒的你……,1671097647,254,亲子,1671097647,32
989821921,306905448,好腼腆的一个小甜心呀,1672235984,254,亲子,1672235984,12
989821921,441786248,做梦的的时候都想亲亲姐姐,1680080615,254,亲子,1680080615,19
989821921,477127558,大灰狼前传来了,1672656090,254,亲子,1672656090,35
989821921,566241733,始终如一，不忘初心,1675260406,254,亲子,1675260406,40
989821921,612408102,嗞他,1681288070,254,亲子,1681288070,13
989821921,437581772,妈妈，我快心碎了,1677324737,254,亲子,1677324737,70
989821921,437126631,爸爸: 全部都是她自愿说的,1676891861,254,亲子,1676891861,53
989821921,566511918,她真的太可爱了啊啊啊,1675829865,254,亲子,1675829865,20
989821921,993997543,一到丽江，瞬间不搞笑了,1679566551,254,亲子,1679566551,25
989821921,437713243,好想出去玩呀～,1677496238,254,亲子,1677496238,84
989821921,942019814,有一点聪明，但是好像不多,1660557867,254,亲子,1660557867,24
989821921,681448018,没什么，就是让你们羡慕一下～,1644376603,254,亲子,1644376603,41
989821921,736392280,女儿你还是太嫩了点,1675675150,254,亲子,1675675150,50
989821921,949263559,女儿的眼泪最致命,1676286740,254,亲子,1676286740,10
989821921,775348156,有什么事 看一集JOJO就好了,1668937082,254,亲子,1668937082,33
989821921,692124428,我最爱爸爸了～,1672483295,254,亲子,1672483294,37
989821921,696900122,好难啊！想给他买又不能什么都给他买,1680496734,254,亲子,1680496734,65
989821921,440909178,小豆腐公主的一天（上集）,1678773096,254,亲子,1678773096,67
989821921,948804077,难道小孩都不喜欢睡觉吗,1675433588,254,亲子,1675433588,19
392559934,990256440,等我拿到幼儿园文凭看你还怎么骗我,1673618887,254,亲子,1673618887,59
392559934,607167149,爸爸你会救我吗？,1672741957,254,亲子,1672741956,77
392559934,566241733,始终如一，不忘初心,1675260406,254,亲子,1675260406,40
392559934,268587445,看看这对父女是怎么吵架的,1678971065,254,亲子,1678971065,70
392559934,478608220,我以后要找个像爸爸一样的老公,1675153460,254,亲子,1675153460,58
392559934,949709221,生个女儿吧～和她处成姐妹,1676899769,254,亲子,1676899769,37
392559934,566511918,她真的太可爱了啊啊啊,1675829865,254,亲子,1675829865,20
392559934,477127558,大灰狼前传来了,1672656090,254,亲子,1672656090,35
392559934,949263559,女儿的眼泪最致命,1676286740,254,亲子,1676286740,10
392559934,863359652,大灰狼我才不跟你走呢,1674626818,254,亲子,1674626818,52
392559934,441786248,做梦的的时候都想亲亲姐姐,1680080615,254,亲子,1680080615,19
392559934,693511618,这小孩多少有点油腻,1675165531,254,亲子,1675165531,33
392559934,307624232,你都多大了，爸爸,1673403431,254,亲子,1673403431,54
392559934,308394301,我的爸爸由我来守护,1674904467,254,亲子,1674904467,19
392559934,736392280,女儿你还是太嫩了点,1675675150,254,亲子,1675675150,50
392559934,942019814,有一点聪明，但是好像不多,1660557867,254,亲子,1660557867,24
392559934,440276693,是时候教会她人生的必修课了～撸串～,1677719722,254,亲子,1677719722,12
392559934,820722045,回村前vs回村后,1674441343,254,亲子,1674441343,25
392559934,821963361,有这样的女儿就想赶快放学接她回家,1676559295,254,亲子,1676559295,9
392559934,612408102,嗞他,1681288070,254,亲子,1681288070,13
392559934,482264637,爸爸老是凶我,1677117946,254,亲子,1677117946,45
392559934,692124428,我最爱爸爸了～,1672483295,254,亲子,1672483294,37
392559934,483163923,换一个不打呼噜的爸爸,1678272213,254,亲子,1678272213,72
392559934,991653085,第一次喝快乐水（可乐），好像不是很快乐,1676121157,254,亲子,1676121157,54
392559934,306905448,好腼腆的一个小甜心呀,1672235984,254,亲子,1672235984,12
392559934,909778161,她真是又可怜又可爱～竟然还那么懂事～,1681137386,254,亲子,1681137386,69
392559934,904744036,人类幼崽到底有多可爱,1672659743,138,搞笑,1672659743,33
392559934,696900122,好难啊！想给他买又不能什么都给他买,1680496734,254,亲子,1680496734,65
392559934,778091004,刚摆脱睡觉困难户的称号，现在是洗澡困难户了,1674124995,254,亲子,1674124995,54
392559934,567065530,这两人估计是上辈子有恩怨，这辈子才会当父女,1676695382,254,亲子,1676695382,66
392559934,949140221,没有人是多余的,1676031967,254,亲子,1676031967,51
392559934,523627803,用鼻孔喝奶的小豆腐哈哈哈哈哈,1675292711,254,亲子,1675292711,66
392559934,948804077,难道小孩都不喜欢睡觉吗,1675433588,254,亲子,1675433588,19
392559934,610164143,小豆腐每天睡前必须要的仪式感,1677566289,254,亲子,1677566289,25
392559934,696391084,要打败AI ～只需一个话痨宝宝～,1679457475,254,亲子,1679457475,29
392559934,437713243,好想出去玩呀～,1677496238,254,亲子,1677496238,84
392559934,568197903,还有什么办法能让爸爸打呼噜小声点,1678185011,254,亲子,1678185011,48
392559934,396351889,我不喜欢你伤心的样子，我希望你开心一点,1679412721,254,亲子,1679412720,21
392559934,385082579,什么是孙女？每天被她气到…还是会继续爱她,1655457650,254,亲子,1655457650,24
392559934,734451369,这样的女儿你确定你不生一个嘛？,1672417737,254,亲子,1672417737,11
483163923,264304125,请帮我捂一下小脚吧 “i love u”,1672148244,254,亲子,1672148244,26
483163923,777868669,爸爸！我真的是你亲生的吗？,1673785014,254,亲子,1673785014,21
483163923,566241733,始终如一，不忘初心,1675260406,254,亲子,1675260406,40
483163923,567065530,这两人估计是上辈子有恩怨，这辈子才会当父女,1676695382,254,亲子,1676695382,66
483163923,482264637,爸爸老是凶我,1677117946,254,亲子,1677117946,45
483163923,478608220,我以后要找个像爸爸一样的老公,1675153460,254,亲子,1675153460,58
483163923,949709221,生个女儿吧～和她处成姐妹,1676899769,254,亲子,1676899769,37
483163923,736392280,女儿你还是太嫩了点,1675675150,254,亲子,1675675150,50
483163923,990256440,等我拿到幼儿园文凭看你还怎么骗我,1673618887,254,亲子,1673618887,59
483163923,607167149,爸爸你会救我吗？,1672741957,254,亲子,1672741956,77
483163923,863359652,大灰狼我才不跟你走呢,1674626818,254,亲子,1674626818,52
483163923,392559934,又菜又爱吃,1673261097,254,亲子,1673261097,63
483163923,612408102,嗞他,1681288070,254,亲子,1681288070,13
483163923,437581772,妈妈，我快心碎了,1677324737,254,亲子,1677324737,70
483163923,989821921,小懒猪怎么叫不醒？,1672915656,254,亲子,1672915655,45
483163923,610164143,小豆腐每天睡前必须要的仪式感,1677566289,254,亲子,1677566289,25
483163923,734451369,这样的女儿你确定你不生一个嘛？,1672417737,254,亲子,1672417737,11
483163923,949140221,没有人是多余的,1676031967,254,亲子,1676031967,51
483163923,991653085,第一次喝快乐水（可乐），好像不是很快乐,1676121157,254,亲子,1676121157,54
483163923,692560467,不是每个爸爸都能当首富但是每个爸爸都会打呼噜,1673347498,254,亲子,1673347498,65
483163923,693511618,这小孩多少有点油腻,1675165531,254,亲子,1675165531,33
483163923,949263559,女儿的眼泪最致命,1676286740,254,亲子,1676286740,10
483163923,437713243,好想出去玩呀～,1677496238,254,亲子,1677496238,84
483163923,268587445,看看这对父女是怎么吵架的,1678971065,254,亲子,1678971065,70
483163923,568197903,还有什么办法能让爸爸打呼噜小声点,1678185011,254,亲子,1678185011,48
483163923,306905448,好腼腆的一个小甜心呀,1672235984,254,亲子,1672235984,12
483163923,477127558,大灰狼前传来了,1672656090,254,亲子,1672656090,35
483163923,951261935,难道小孩子都不喜欢刷牙吗？,1679310895,254,亲子,1679310895,62
483163923,396351889,我不喜欢你伤心的样子，我希望你开心一点,1679412721,254,亲子,1679412720,21
483163923,308394301,我的爸爸由我来守护,1674904467,254,亲子,1674904467,19
483163923,696900122,好难啊！想给他买又不能什么都给他买,1680496734,254,亲子,1680496734,65
483163923,692124428,我最爱爸爸了～,1672483295,254,亲子,1672483294,37
483163923,821963361,有这样的女儿就想赶快放学接她回家,1676559295,254,亲子,1676559295,9
483163923,441786248,做梦的的时候都想亲亲姐姐,1680080615,254,亲子,1680080615,19
483163923,993997543,一到丽江，瞬间不搞笑了,1679566551,254,亲子,1679566551,25
483163923,734944795,鬼火已经停不下啦～,1673081989,254,亲子,1673081989,8
483163923,948804077,难道小孩都不喜欢睡觉吗,1675433588,254,亲子,1675433588,19
483163923,993027662,今天被女儿教育了,1677939707,254,亲子,1677939707,48
483163923,566511918,她真的太可爱了啊啊啊,1675829865,254,亲子,1675829865,20
483163923,440909178,小豆腐公主的一天（上集）,1678773096,254,亲子,1678773096,67
692560467,607167149,爸爸你会救我吗？,1672741957,254,亲子,1672741956,77
692560467,567065530,这两人估计是上辈子有恩怨，这辈子才会当父女,1676695382,254,亲子,1676695382,66
692560467,989821921,小懒猪怎么叫不醒？,1672915656,254,亲子,1672915655,45
692560467,693511618,这小孩多少有点油腻,1675165531,254,亲子,1675165531,33
692560467,483163923,换一个不打呼噜的爸爸,1678272213,254,亲子,1678272213,72
692560467,392559934,又菜又爱吃,1673261097,254,亲子,1673261097,63
692560467,566241733,始终如一，不忘初心,1675260406,254,亲子,1675260406,40
692560467,478608220,我以后要找个像爸爸一样的老公,1675153460,254,亲子,1675153460,58
692560467,990256440,等我拿到幼儿园文凭看你还怎么骗我,1673618887,254,亲子,1673618887,59
692560467,949709221,生个女儿吧～和她处成姐妹,1676899769,254,亲子,1676899769,37
692560467,777868669,爸爸！我真的是你亲生的吗？,1673785014,254,亲子,1673785014,21
692560467,736392280,女儿你还是太嫩了点,1675675150,254,亲子,1675675150,50
692560467,441786248,做梦的的时候都想亲亲姐姐,1680080615,254,亲子,1680080615,19
692560467,863359652,大灰狼我才不跟你走呢,1674626818,254,亲子,1674626818,52
692560467,349688390,好羡慕女儿的松弛感,1672714649,254,亲子,1672714649,18
692560467,268587445,看看这对父女是怎么吵架的,1678971065,254,亲子,1678971065,70
692560467,734451369,这样的女儿你确定你不生一个嘛？,1672417737,254,亲子,1672417737,11
692560467,649830057,当孩子看到妈妈的双胞胎姐妹,1672903714,254,亲子,1672903714,11
692560467,222920709,小小的手手～牵到啦～,1673957254,254,亲子,1673957254,9
692560467,715013382,有些人看起来很凶，但当他被叫爸,1618490942,21,日常,1618490942,13
692560467,816691067,“曾经，我也是个快乐的崽”,1665903464,138,搞笑,1665903464,157
692560467,477127558,大灰狼前传来了,1672656090,254,亲子,1672656090,35
692560467,649274635,上海外公的隔代亲能有多严重？,1672231223,254,亲子,1672231222,34
692560467,607823359,兔子警官来啦～,1673610976,254,亲子,1673610976,14
692560467,1325336,一岁宝宝听到叔叔BBOX后的反应~~超萌,1497426718,21,日常,1406191845,22
692560467,525601251,我姐怎么一点分寸感都没有,1678172846,21,日常,1678172846,12
692560467,610164143,小豆腐每天睡前必须要的仪式感,1677566289,254,亲子,1677566289,25
692560467,949140221,没有人是多余的,1676031967,254,亲子,1676031967,51
692560467,604765675,她好像过于安逸了，是时候把她送去幼儿园了,1667823219,254,亲子,1667823219,17
692560467,865824205,我妈生的VS我生的,1678441781,254,亲子,1678441781,8
692560467,435375118,爸爸想和女儿玩捧脸杀，结果女儿误解，吐出“内丹”。网友：她把最喜欢的都给你了,1673946293,21,日常,1673946293,15
692560467,437581772,妈妈，我快心碎了,1677324737,254,亲子,1677324737,70
692560467,385082579,什么是孙女？每天被她气到…还是会继续爱她,1655457650,254,亲子,1655457650,24
692560467,289438734,我也是第一次做小姨,1614561319,138,搞笑,1614561319,10
692560467,568197903,还有什么办法能让爸爸打呼噜小声点,1678185011,254,亲子,1678185011,48
692560467,690338471,当宝宝哭闹时 给他戴上耳机,1668938367,138,搞笑,1668938367,11
692560467,653923085,婴语 真好听,1679463454,254,亲子,1679463453,22
692560467,818638059,反向带娃！小女孩唱儿歌哄爸爸入睡，网友：从出生就开始赡养老人了,1670929864,205,社会,1670929864,30
692560467,583293807,给自己生了个头号粉丝,1590475380,254,亲子,1590475380,21
692560467,820722045,回村前vs回村后,1674441343,254,亲子,1674441343,25
268587445,567065530,这两人估计是上辈子有恩怨，这辈子才会当父女,1676695382,254,亲子,1676695382,66
268587445,734451369,这样的女儿你确定你不生一个嘛？,1672417737,254,亲子,1672417737,11
268587445,990256440,等我拿到幼儿园文凭看你还怎么骗我,1673618887,254,亲子,1673618887,59
268587445,566241733,始终如一，不忘初心,1675260406,254,亲子,1675260406,40
268587445,736392280,女儿你还是太嫩了点,1675675150,254,亲子,1675675150,50
268587445,483163923,换一个不打呼噜的爸爸,1678272213,254,亲子,1678272213,72
268587445,610164143,小豆腐每天睡前必须要的仪式感,1677566289,254,亲子,1677566289,25
268587445,692560467,不是每个爸爸都能当首富但是每个爸爸都会打呼噜,1673347498,254,亲子,1673347498,65
268587445,693511618,这小孩多少有点油腻,1675165531,254,亲子,1675165531,33
268587445,989821921,小懒猪怎么叫不醒？,1672915656,254,亲子,1672915655,45
268587445,823341537,坐在女儿车上副驾驶位的老爸，安全意识真的很强了,1678449633,138,搞笑,1678449633,30
268587445,441786248,做梦的的时候都想亲亲姐姐,1680080615,254,亲子,1680080615,19
268587445,949709221,生个女儿吧～和她处成姐妹,1676899769,254,亲子,1676899769,37
268587445,392559934,又菜又爱吃,1673261097,254,亲子,1673261097,63
268587445,482264637,爸爸老是凶我,1677117946,254,亲子,1677117946,45
268587445,437713243,好想出去玩呀～,1677496238,254,亲子,1677496238,84
268587445,949263559,女儿的眼泪最致命,1676286740,254,亲子,1676286740,10
268587445,607167149,爸爸你会救我吗？,1672741957,254,亲子,1672741956,77
268587445,612408102,嗞他,1681288070,254,亲子,1681288070,13
268587445,821963361,有这样的女儿就想赶快放学接她回家,1676559295,254,亲子,1676559295,9
268587445,820722045,回村前vs回村后,1674441343,254,亲子,1674441343,25
268587445,696900122,好难啊！想给他买又不能什么都给他买,1680496734,254,亲子,1680496734,65
268587445,863359652,大灰狼我才不跟你走呢,1674626818,254,亲子,1674626818,52
268587445,991653085,第一次喝快乐水（可乐），好像不是很快乐,1676121157,254,亲子,1676121157,54
268587445,437126631,爸爸: 全部都是她自愿说的,1676891861,254,亲子,1676891861,53
268587445,949140221,没有人是多余的,1676031967,254,亲子,1676031967,51
268587445,478608220,我以后要找个像爸爸一样的老公,1675153460,254,亲子,1675153460,58
268587445,692124428,我最爱爸爸了～,1672483295,254,亲子,1672483294,37
268587445,778091004,刚摆脱睡觉困难户的称号，现在是洗澡困难户了,1674124995,254,亲子,1674124995,54
268587445,602331047,广东一爷爷在外威风凛凛，抱着大孙女却毫无办法：小祖宗你哭啥,1661159418,21,日常,1661159418,31
268587445,993997543,一到丽江，瞬间不搞笑了,1679566551,254,亲子,1679566551,25
268587445,823959973,女子晒自己14岁女儿和13岁孙女，仅相差1岁天天打闹：该向着谁？,1679568744,21,日常,1679568744,36
268587445,696391084,要打败AI ～只需一个话痨宝宝～,1679457475,254,亲子,1679457475,29
268587445,568197903,还有什么办法能让爸爸打呼噜小声点,1678185011,254,亲子,1678185011,48
268587445,354305660,一定要给小孩拍一组这样的照片,1680152603,254,亲子,1680152603,39
268587445,566284284,爸爸这是三过家门才敢入啊,1675580114,254,亲子,1675580114,46
268587445,440276693,是时候教会她人生的必修课了～撸串～,1677719722,254,亲子,1677719722,12
268587445,738561008,当人类幼崽在看动画片～,1678876808,254,亲子,1678876808,11
268587445,865549509,女儿问父亲她漂亮吗，严刑拷打五分钟，他没夸一句漂亮！,1678059304,21,日常,1678059304,33
268587445,695409528,爸爸回家故意不抱宝宝，双胞胎萌娃急得飞速爬来：就差站起来了！,1677925802,254,亲子,1677985800,34
777868669,991653085,第一次喝快乐水（可乐），好像不是很快乐,1676121157,254,亲子,1676121157,54
777868669,863359652,大灰狼我才不跟你走呢,1674626818,254,亲子,1674626818,52
777868669,949709221,生个女儿吧～和她处成姐妹,1676899769,254,亲子,1676899769,37
777868669,949263559,女儿的眼泪最致命,1676286740,254,亲子,1676286740,10
777868669,268587445,看看这对父女是怎么吵架的,1678971065,254,亲子,1678971065,70
777868669,692124428,我最爱爸爸了～,1672483295,254,亲子,1672483294,37
777868669,949140221,没有人是多余的,1676031967,254,亲子,1676031967,51
777868669,441786248,做梦的的时候都想亲亲姐姐,1680080615,254,亲子,1680080615,19
777868669,483163923,换一个不打呼噜的爸爸,1678272213,254,亲子,1678272213,72
777868669,437581772,妈妈，我快心碎了,1677324737,254,亲子,1677324737,70
777868669,308394301,我的爸爸由我来守护,1674904467,254,亲子,1674904467,19
777868669,568197903,还有什么办法能让爸爸打呼噜小声点,1678185011,254,亲子,1678185011,48
777868669,821963361,有这样的女儿就想赶快放学接她回家,1676559295,254,亲子,1676559295,9
777868669,696900122,好难啊！想给他买又不能什么都给他买,1680496734,254,亲子,1680496734,65
777868669,437713243,好想出去玩呀～,1677496238,254,亲子,1677496238,84
777868669,566241733,始终如一，不忘初心,1675260406,254,亲子,1675260406,40
777868669,607167149,爸爸你会救我吗？,1672741957,254,亲子,1672741956,77
777868669,778091004,刚摆脱睡觉困难户的称号，现在是洗澡困难户了,1674124995,254,亲子,1674124995,54
777868669,990256440,等我拿到幼儿园文凭看你还怎么骗我,1673618887,254,亲子,1673618887,59
777868669,692560467,不是每个爸爸都能当首富但是每个爸爸都会打呼噜,1673347498,254,亲子,1673347498,65
777868669,567065530,这两人估计是上辈子有恩怨，这辈子才会当父女,1676695382,254,亲子,1676695382,66
777868669,392559934,又菜又爱吃,1673261097,254,亲子,1673261097,63
777868669,306905448,好腼腆的一个小甜心呀,1672235984,254,亲子,1672235984,12
777868669,612408102,嗞他,1681288070,254,亲子,1681288070,13
777868669,948804077,难道小孩都不喜欢睡觉吗,1675433588,254,亲子,1675433588,19
777868669,693511618,这小孩多少有点油腻,1675165531,254,亲子,1675165531,33
777868669,612700983,这就是要生女儿的原因,1681805859,254,亲子,1681805858,33
777868669,396351889,我不喜欢你伤心的样子，我希望你开心一点,1679412721,254,亲子,1679412720,21
777868669,734451369,这样的女儿你确定你不生一个嘛？,1672417737,254,亲子,1672417737,11
777868669,951261935,难道小孩子都不喜欢刷牙吗？,1679310895,254,亲子,1679310895,62
777868669,610164143,小豆腐每天睡前必须要的仪式感,1677566289,254,亲子,1677566289,25
777868669,440909178,小豆腐公主的一天（上集）,1678773096,254,亲子,1678773096,67
777868669,264304125,请帮我捂一下小脚吧 “i love u”,1672148244,254,亲子,1672148244,26
777868669,993027662,今天被女儿教育了,1677939707,254,亲子,1677939707,48
777868669,734944795,鬼火已经停不下啦～,1673081989,254,亲子,1673081989,8
777868669,905633656,小豆腐祝大家新年快乐,1674365999,254,亲子,1674365999,12
777868669,477127558,大灰狼前传来了,1672656090,254,亲子,1672656090,35
777868669,736392280,女儿你还是太嫩了点,1675675150,254,亲子,1675675150,50
777868669,993997543,一到丽江，瞬间不搞笑了,1679566551,254,亲子,1679566551,25
777868669,478608220,我以后要找个像爸爸一样的老公,1675153460,254,亲子,1675153460,58
478608220,863359652,大灰狼我才不跟你走呢,1674626818,254,亲子,1674626818,52
478608220,949263559,女儿的眼泪最致命,1676286740,254,亲子,1676286740,10
478608220,483163923,换一个不打呼噜的爸爸,1678272213,254,亲子,1678272213,72
478608220,777868669,爸爸！我真的是你亲生的吗？,1673785014,254,亲子,1673785014,21
478608220,693511618,这小孩多少有点油腻,1675165531,254,亲子,1675165531,33
478608220,991653085,第一次喝快乐水（可乐），好像不是很快乐,1676121157,254,亲子,1676121157,54
478608220,437713243,好想出去玩呀～,1677496238,254,亲子,1677496238,84
478608220,612408102,嗞他,1681288070,254,亲子,1681288070,13
478608220,949709221,生个女儿吧～和她处成姐妹,1676899769,254,亲子,1676899769,37
478608220,396351889,我不喜欢你伤心的样子，我希望你开心一点,1679412721,254,亲子,1679412720,21
478608220,821963361,有这样的女儿就想赶快放学接她回家,1676559295,254,亲子,1676559295,9
478608220,308394301,我的爸爸由我来守护,1674904467,254,亲子,1674904467,19
478608220,696900122,好难啊！想给他买又不能什么都给他买,1680496734,254,亲子,1680496734,65
478608220,949140221,没有人是多余的,1676031967,254,亲子,1676031967,51
478608220,354305660,一定要给小孩拍一组这样的照片,1680152603,254,亲子,1680152603,39
478608220,610164143,小豆腐每天睡前必须要的仪式感,1677566289,254,亲子,1677566289,25
478608220,734451369,这样的女儿你确定你不生一个嘛？,1672417737,254,亲子,1672417737,11
478608220,993997543,一到丽江，瞬间不搞笑了,1679566551,254,亲子,1679566551,25
478608220,441786248,做梦的的时候都想亲亲姐姐,1680080615,254,亲子,1680080615,19
478608220,437126631,爸爸: 全部都是她自愿说的,1676891861,254,亲子,1676891861,53
478608220,948804077,难道小孩都不喜欢睡觉吗,1675433588,254,亲子,1675433588,19
478608220,437581772,妈妈，我快心碎了,1677324737,254,亲子,1677324737,70
478608220,607167149,爸爸你会救我吗？,1672741957,254,亲子,1672741956,77
478608220,905633656,小豆腐祝大家新年快乐,1674365999,254,亲子,1674365999,12
478608220,778091004,刚摆脱睡觉困难户的称号，现在是洗澡困难户了,1674124995,254,亲子,1674124995,54
478608220,612700983,这就是要生女儿的原因,1681805859,254,亲子,1681805858,33
478608220,440909178,小豆腐公主的一天（上集）,1678773096,254,亲子,1678773096,67
478608220,268587445,看看这对父女是怎么吵架的,1678971065,254,亲子,1678971065,70
478608220,951261935,难道小孩子都不喜欢刷牙吗？,1679310895,254,亲子,1679310895,62
478608220,993027662,今天被女儿教育了,1677939707,254,亲子,1677939707,48
478608220,567065530,这两人估计是上辈子有恩怨，这辈子才会当父女,1676695382,254,亲子,1676695382,66
478608220,692124428,我最爱爸爸了～,1672483295,254,亲子,1672483294,37
478608220,734944795,鬼火已经停不下啦～,1673081989,254,亲子,1673081989,8
478608220,782131568,呜呜呜，我真的感动哭了,1680792004,254,亲子,1680792004,47
478608220,736392280,女儿你还是太嫩了点,1675675150,254,亲子,1675675150,50
478608220,568197903,还有什么办法能让爸爸打呼噜小声点,1678185011,254,亲子,1678185011,48
478608220,264304125,请帮我捂一下小脚吧 “i love u”,1672148244,254,亲子,1672148244,26
478608220,989606772,小豆腐祝你新年快乐啦,1672574758,254,亲子,1672574758,18
478608220,692560467,不是每个爸爸都能当首富但是每个爸爸都会打呼噜,1673347498,254,亲子,1673347498,65
478608220,477127558,大灰狼前传来了,1672656090,254,亲子,1672656090,35
942019814,815786775,谢谢up给丸子做的视频，看起来是有那么一点像小梅呀~,1663772123,254,亲子,1663772123,56
942019814,302682694,社牛出门了,1662030507,254,亲子,1662030507,29
942019814,988806202,像冬日里的太阳，暖暖的，可以治愈一切不开心,1671021910,254,亲子,1671021909,25
942019814,263548810,还得是瑶一瑶！,1670592648,254,亲子,1670592648,115
942019814,344509028,我妹是真狠啊,1660648195,138,搞笑,1660648195,98
942019814,940641612,以后要少教点天津话了......,1657281647,254,亲子,1657281600,32
942019814,777868669,爸爸！我真的是你亲生的吗？,1673785014,254,亲子,1673785014,21
942019814,387233947,居然有比《巴巴爸爸》还离谱的儿童绘本！看完直呼离谱！,1660829461,254,亲子,1660829460,172
942019814,264304125,请帮我捂一下小脚吧 “i love u”,1672148244,254,亲子,1672148244,26
942019814,734451369,这样的女儿你确定你不生一个嘛？,1672417737,254,亲子,1672417737,11
942019814,418052006,众所周知，蜜糖是爸爸生出来的，跟我没啥关系…,1620726807,254,亲子,1620726807,11
942019814,820722045,回村前vs回村后,1674441343,254,亲子,1674441343,25
942019814,455232417,外國小男孩體檢 每天两遍身心舒适,1586518720,254,亲子,1586518720,27
942019814,473299724,预警，前方高糖！,1663855084,158,穿搭,1663855084,33
942019814,810499293,以为被蚊子咬了一口,1649048964,254,亲子,1649048964,16
942019814,731295542,萌娃说幼儿园有男孩想和她结婚，神情既骄傲又含羞：网友表示反对,1664957452,254,亲子,1664957452,61
942019814,344620625,这几天出门旅游啦,1660641400,254,亲子,1660641400,16
942019814,601893068,所谓负负得正，彼特长大绝对智力超群！,1660392894,250,出行,1660392894,168
942019814,904142775,治愈！萌娃路边埋头干饭摇头晃脑太欢乐。,1671810908,205,社会,1671876028,15
942019814,735228870,这大概就是养女儿的快乐吧,1673520593,254,亲子,1673520593,38
942019814,607167149,爸爸你会救我吗？,1672741957,254,亲子,1672741956,77
942019814,557287050,什么是儿子？,1661263419,254,亲子,1661263419,65
942019814,67981652,天津小孩说话自带喜剧效果！天津人人会说相声石锤了！,1568630642,138,搞笑,1568630642,64
942019814,638218773,名场面：肉丸一岁小开衫,1649771394,254,亲子,1649771394,39
942019814,500361429,猛 男 必 看,1605525344,138,搞笑,1605525344,147
942019814,984246593,被发现啦,1659584308,254,亲子,1659584308,13
942019814,391581353,她真的只有芝麻儿大点～,1671549297,254,亲子,1671549297,17
942019814,816691067,“曾经，我也是个快乐的崽”,1665903464,138,搞笑,1665903464,157
942019814,602052959,某村民爸爸家中捡到美人鱼，从此开始恶搞美人鱼的道路,1660723438,254,亲子,1660723438,30
942019814,858328476,她好像从宫崎骏动画走出来的！,1663729638,27,综合,1663729638,142
942019814,437149433,我已经猜到你们想说什么了,1676890149,254,亲子,1676890148,21
942019814,893941817,怎么感觉好像在揉面团,1644566508,254,亲子,1644566508,32
942019814,556442526,姐曾经也很潇洒，后来被抓去当了妈,1659063278,138,搞笑,1659063278,11
942019814,604765675,她好像过于安逸了，是时候把她送去幼儿园了,1667823219,254,亲子,1667823219,17
942019814,690338471,当宝宝哭闹时 给他戴上耳机,1668938367,138,搞笑,1668938367,11
942019814,851899961,看的出来小姨带娃很开心,1646021545,254,亲子,1646021545,32
942019814,543515979,舅舅有耐耐吗？,1609935159,254,亲子,1609935159,18
942019814,381483456,和爸爸视频之后才发现爸爸不见了,1644390248,254,亲子,1644390248,34
942019814,216218799,让我看看我的队友在哪~叛逆的蔡文姬,1658563005,254,亲子,1658563005,22
942019814,857453818,每天都在快乐奔跑的人类幼崽,1661535245,254,亲子,1661535245,33
990256440,307624232,你都多大了，爸爸,1673403431,254,亲子,1673403431,54
990256440,607167149,爸爸你会救我吗？,1672741957,254,亲子,1672741956,77
990256440,949709221,生个女儿吧～和她处成姐妹,1676899769,254,亲子,1676899769,37
990256440,566241733,始终如一，不忘初心,1675260406,254,亲子,1675260406,40
990256440,863359652,大灰狼我才不跟你走呢,1674626818,254,亲子,1674626818,52
990256440,268587445,看看这对父女是怎么吵架的,1678971065,254,亲子,1678971065,70
990256440,567065530,这两人估计是上辈子有恩怨，这辈子才会当父女,1676695382,254,亲子,1676695382,66
990256440,566511918,她真的太可爱了啊啊啊,1675829865,254,亲子,1675829865,20
990256440,949263559,女儿的眼泪最致命,1676286740,254,亲子,1676286740,10
990256440,478608220,我以后要找个像爸爸一样的老公,1675153460,254,亲子,1675153460,58
990256440,693511618,这小孩多少有点油腻,1675165531,254,亲子,1675165531,33
990256440,441786248,做梦的的时候都想亲亲姐姐,1680080615,254,亲子,1680080615,19
990256440,477127558,大灰狼前传来了,1672656090,254,亲子,1672656090,35
990256440,308394301,我的爸爸由我来守护,1674904467,254,亲子,1674904467,19
990256440,692124428,我最爱爸爸了～,1672483295,254,亲子,1672483294,37
990256440,610164143,小豆腐每天睡前必须要的仪式感,1677566289,254,亲子,1677566289,25
990256440,392559934,又菜又爱吃,1673261097,254,亲子,1673261097,63
990256440,821963361,有这样的女儿就想赶快放学接她回家,1676559295,254,亲子,1676559295,9
990256440,218176281,看她朝我跑过来的时候，泪目了……,1663428336,254,亲子,1663428335,56
990256440,483163923,换一个不打呼噜的爸爸,1678272213,254,亲子,1678272213,72
990256440,736392280,女儿你还是太嫩了点,1675675150,254,亲子,1675675150,50
990256440,482264637,爸爸老是凶我,1677117946,254,亲子,1677117946,45
990256440,396351889,我不喜欢你伤心的样子，我希望你开心一点,1679412721,254,亲子,1679412720,21
990256440,523627803,用鼻孔喝奶的小豆腐哈哈哈哈哈,1675292711,254,亲子,1675292711,66
990256440,991653085,第一次喝快乐水（可乐），好像不是很快乐,1676121157,254,亲子,1676121157,54
990256440,778091004,刚摆脱睡觉困难户的称号，现在是洗澡困难户了,1674124995,254,亲子,1674124995,54
990256440,437713243,好想出去玩呀～,1677496238,254,亲子,1677496238,84
990256440,690338471,当宝宝哭闹时 给他戴上耳机,1668938367,138,搞笑,1668938367,11
990256440,696900122,好难啊！想给他买又不能什么都给他买,1680496734,254,亲子,1680496734,65
990256440,949140221,没有人是多余的,1676031967,254,亲子,1676031967,51
990256440,568197903,还有什么办法能让爸爸打呼噜小声点,1678185011,254,亲子,1678185011,48
990256440,734451369,这样的女儿你确定你不生一个嘛？,1672417737,254,亲子,1672417737,11
990256440,942019814,有一点聪明，但是好像不多,1660557867,254,亲子,1660557867,24
990256440,612408102,嗞他,1681288070,254,亲子,1681288070,13
990256440,266782988,这个抬臀也就看几百遍吧！,1676274633,254,亲子,1676274633,12
990256440,948804077,难道小孩都不喜欢睡觉吗,1675433588,254,亲子,1675433588,19
990256440,904744036,人类幼崽到底有多可爱,1672659743,138,搞笑,1672659743,33
990256440,951261935,难道小孩子都不喜欢刷牙吗？,1679310895,254,亲子,1679310895,62
990256440,782131568,呜呜呜，我真的感动哭了,1680792004,254,亲子,1680792004,47
990256440,437126631,爸爸: 全部都是她自愿说的,1676891861,254,亲子,1676891861,53
863359652,307624232,你都多大了，爸爸,1673403431,254,亲子,1673403431,54
863359652,566241733,始终如一，不忘初心,1675260406,254,亲子,1675260406,40
863359652,567065530,这两人估计是上辈子有恩怨，这辈子才会当父女,1676695382,254,亲子,1676695382,66
863359652,736392280,女儿你还是太嫩了点,1675675150,254,亲子,1675675150,50
863359652,483163923,换一个不打呼噜的爸爸,1678272213,254,亲子,1678272213,72
863359652,696900122,好难啊！想给他买又不能什么都给他买,1680496734,254,亲子,1680496734,65
863359652,482264637,爸爸老是凶我,1677117946,254,亲子,1677117946,45
863359652,949140221,没有人是多余的,1676031967,254,亲子,1676031967,51
863359652,821963361,有这样的女儿就想赶快放学接她回家,1676559295,254,亲子,1676559295,9
863359652,437581772,妈妈，我快心碎了,1677324737,254,亲子,1677324737,70
863359652,949263559,女儿的眼泪最致命,1676286740,254,亲子,1676286740,10
863359652,692124428,我最爱爸爸了～,1672483295,254,亲子,1672483294,37
863359652,693511618,这小孩多少有点油腻,1675165531,254,亲子,1675165531,33
863359652,734944795,鬼火已经停不下啦～,1673081989,254,亲子,1673081989,8
863359652,948804077,难道小孩都不喜欢睡觉吗,1675433588,254,亲子,1675433588,19
863359652,610164143,小豆腐每天睡前必须要的仪式感,1677566289,254,亲子,1677566289,25
863359652,991653085,第一次喝快乐水（可乐），好像不是很快乐,1676121157,254,亲子,1676121157,54
863359652,441786248,做梦的的时候都想亲亲姐姐,1680080615,254,亲子,1680080615,19
863359652,477127558,大灰狼前传来了,1672656090,254,亲子,1672656090,35
863359652,612408102,嗞他,1681288070,254,亲子,1681288070,13
863359652,268587445,看看这对父女是怎么吵架的,1678971065,254,亲子,1678971065,70
863359652,437713243,好想出去玩呀～,1677496238,254,亲子,1677496238,84
863359652,308394301,我的爸爸由我来守护,1674904467,254,亲子,1674904467,19
863359652,478608220,我以后要找个像爸爸一样的老公,1675153460,254,亲子,1675153460,58
863359652,392559934,又菜又爱吃,1673261097,254,亲子,1673261097,63
863359652,396351889,我不喜欢你伤心的样子，我希望你开心一点,1679412721,254,亲子,1679412720,21
863359652,993997543,一到丽江，瞬间不搞笑了,1679566551,254,亲子,1679566551,25
863359652,607167149,爸爸你会救我吗？,1672741957,254,亲子,1672741956,77
863359652,905633656,小豆腐祝大家新年快乐,1674365999,254,亲子,1674365999,12
863359652,778091004,刚摆脱睡觉困难户的称号，现在是洗澡困难户了,1674124995,254,亲子,1674124995,54
863359652,949709221,生个女儿吧～和她处成姐妹,1676899769,254,亲子,1676899769,37
863359652,353158324,女儿长相和声音不符是什么体验？,1678187952,254,亲子,1678187952,12
863359652,523058533,睡觉的大石头太可爱了,1674132937,254,亲子,1674132937,10
863359652,218176281,看她朝我跑过来的时候，泪目了……,1663428336,254,亲子,1663428335,56
863359652,612700983,这就是要生女儿的原因,1681805859,254,亲子,1681805858,33
863359652,690338471,当宝宝哭闹时 给他戴上耳机,1668938367,138,搞笑,1668938367,11
863359652,692560467,不是每个爸爸都能当首富但是每个爸爸都会打呼噜,1673347498,254,亲子,1673347498,65
863359652,440909178,小豆腐公主的一天（上集）,1678773096,254,亲子,1678773096,67
863359652,568197903,还有什么办法能让爸爸打呼噜小声点,1678185011,254,亲子,1678185011,48
863359652,525601251,我姐怎么一点分寸感都没有,1678172846,21,日常,1678172846,12
288426962,841280391,折出喜欢生活的样纸 | 按下暂停,1594718597,180,社会·美食·旅行,1594718597,311
288426962,892884851,我敢打赌这是全网最简单的纸飞机，不信你就来看看,1641528030,161,手工,1641528030,92
288426962,526492663,号称世界上最好的纸飞机——世界四大纸飞机之DC-03，超帅的外观配上超棒的滑翔能力简直无敌,1679554613,161,手工,1679554612,129
288426962,347073565,颜值超高的PlasmaZ纸飞机，飞得又远又快又稳！,1666975902,161,手工,1666975902,116
288426962,591113531,【变废为宝】简单的纸飞机却能飞很远，折法也特别简单，看一遍就记住了,1633932415,161,手工,1633932415,73
288426962,422086231,能飞89米的夜莺纸飞机，飞得有多远，捡得就有越惨！,1638526737,161,手工,1638526737,102
288426962,629540264,世界上飞的最远的苏珊纸飞机折法大揭秘？足足飞了69.14米！,1615374447,161,手工,1615374446,458
288426962,328826329,教你折纸希尔克滑翔机纸飞机，能飞很久的纸飞机，儿童很喜欢,1594771223,161,手工,1594771217,96
288426962,439672273,教你一款折法简单、滑翔力超强的纸飞机--太阳神滑翔翼，只需高处放飞，它就会摇摇晃晃的飞的很远很远!,1680963644,161,手工,1681002600,90
288426962,300766706,一款可以飞的战斗纸飞机，造型超逼真，折纸视频教程,1657621066,161,手工,1657621066,202
288426962,470812477,战斗纸飞机折纸教程，造型超逼真，一张A4纸就能折,1657363808,161,手工,1657363808,289
288426962,48065882,15个简单的小魔术，绝对让你大吃一惊,1554185594,21,日常,1554185594,482
288426962,479860398,不需要动力的滑翔纸飞机折纸教程，一看就懂，一学就会,1677055128,161,手工,1677063000,139
288426962,348420705,如何最短时间折一个好飞的纸飞机！逗小朋友玩,1670406115,161,手工,1670418000,96
288426962,40838506,空中之王“纸飞机”折纸，打破了世界纪录，很少人知道正确方法！DIY手工折纸,1547570934,161,手工,1547570934,295
288426962,932437399,【折纸】折法简单，造型漂亮的纸飞机,1629254137,161,手工,1629254137,72
288426962,640493921,纸飞机也能弹射起步？教你做最简单的纸飞机发射器,1649143766,161,手工,1649143766,127
288426962,737900492,教你一款折法简单，飞的还又直又远、轻轻松松能飞30多米的纸飞机——Sniper狙击手纸飞机！,1677920039,161,手工,1677920039,91
288426962,738261017,红牛世界冠军标枪纸飞机,1678448503,161,手工,1678448502,133
288426962,4884879,幼儿园的纸飞机弱爆了 教你叠个F-15,1497430888,161,手工,1465210971,1652
288426962,944601333,超简单，有手就会！飞行稳如狗的剑尾鲨仿真纸飞机,1667209907,161,手工,1667209907,231
288426962,504339855,曾经火遍全网的仿生蝙蝠纸飞机，会煽动翅膀才是真好玩！,1627114664,161,手工,1627114664,148
288426962,330805555,世界上飞的最久的纸飞机，户田拓夫零式战机,1609077603,161,手工,1609077603,157
288426962,899015101,太牛啦！！我叠出了火遍全网的回旋纸飞机！！,1659262680,161,手工,1659262680,215
288426962,389963858,听说很多人在找这款会抖翅膀的纸飞机！,1667893794,161,手工,1667912400,121
288426962,520926395,飞行时间过长，不便全程展示！有风就有高度，独角仙,1670318561,161,手工,1670331600,271
288426962,519989527,创造世界纪录的猎豹纸飞机，最远飞行77米！,1673002948,161,手工,1673258400,33
288426962,223850373,2022年十大最佳纸飞机,1675407032,161,手工,1675407032,402
288426962,269054481,世界四大纸飞机之空中之王，史上滞空时间最久的纸飞机!你尽管往高处扔，它就能在空中盘旋十多秒,1679718991,161,手工,1679718990,135
288426962,890916341,教你折一只好玩的平衡鸟，怎么动都不会掉下来，超稳！,1633439960,161,手工,1633439960,180
288426962,349837903,教你一款100%回旋「史上最强回旋纸飞机」！折法简单，手残党都能学会！你也是一个能折出回旋纸飞机的长辈了！,1672908985,161,手工,1672908985,105
288426962,347859981,飞行平稳的纸飞机折纸，好玩，折法简单,1668854496,161,手工,1668854496,184
288426962,645605572,简单易懂纸飞机教程（超详细）,1663256109,161,手工,1663256109,628
288426962,559200423,折纸回旋纸飞机，步骤详细折法简单又好玩，创意手工制作,1666151289,161,手工,1666151289,262
288426962,895329348,十秒七步折成的最简单纸飞机,1648812149,161,手工,1648812148,14
288426962,299338167,不是吧！77米，世界上飞的最远的纸飞机，苏珊保持了十年的世界纪录居然被打破了,1653225262,161,手工,1653225262,175
288426962,39906597,【折纸战斗机】鹰击长空！超帅的折纸红白战斗机教程来了！,1546602783,161,手工,1546602782,695
288426962,805803388,教你折火遍全网的无敌穿云机，飞的太远了，直冲云霄！,1633088770,161,手工,1633088769,184
288426962,811687489,新的世界纪录！CX22猎豹纸飞机教程,1653023745,161,手工,1653023745,230
288426962,595699744,穿云仿真纸飞机的折法 它能飞得很远很远 详细折纸教程,1650069003,161,手工,1650069000,385
991653085,566241733,始终如一，不忘初心,1675260406,254,亲子,1675260406,40
991653085,949140221,没有人是多余的,1676031967,254,亲子,1676031967,51
991653085,990256440,等我拿到幼儿园文凭看你还怎么骗我,1673618887,254,亲子,1673618887,59
991653085,863359652,大灰狼我才不跟你走呢,1674626818,254,亲子,1674626818,52
991653085,948804077,难道小孩都不喜欢睡觉吗,1675433588,254,亲子,1675433588,19
991653085,392559934,又菜又爱吃,1673261097,254,亲子,1673261097,63
991653085,778091004,刚摆脱睡觉困难户的称号，现在是洗澡困难户了,1674124995,254,亲子,1674124995,54
991653085,441786248,做梦的的时候都想亲亲姐姐,1680080615,254,亲子,1680080615,19
991653085,568197903,还有什么办法能让爸爸打呼噜小声点,1678185011,254,亲子,1678185011,48
991653085,483163923,换一个不打呼噜的爸爸,1678272213,254,亲子,1678272213,72
991653085,692124428,我最爱爸爸了～,1672483295,254,亲子,1672483294,37
991653085,482264637,爸爸老是凶我,1677117946,254,亲子,1677117946,45
991653085,949263559,女儿的眼泪最致命,1676286740,254,亲子,1676286740,10
991653085,821963361,有这样的女儿就想赶快放学接她回家,1676559295,254,亲子,1676559295,9
991653085,308394301,我的爸爸由我来守护,1674904467,254,亲子,1674904467,19
991653085,478608220,我以后要找个像爸爸一样的老公,1675153460,254,亲子,1675153460,58
991653085,949709221,生个女儿吧～和她处成姐妹,1676899769,254,亲子,1676899769,37
991653085,437581772,妈妈，我快心碎了,1677324737,254,亲子,1677324737,70
991653085,610164143,小豆腐每天睡前必须要的仪式感,1677566289,254,亲子,1677566289,25
991653085,696900122,好难啊！想给他买又不能什么都给他买,1680496734,254,亲子,1680496734,65
991653085,993997543,一到丽江，瞬间不搞笑了,1679566551,254,亲子,1679566551,25
991653085,306905448,好腼腆的一个小甜心呀,1672235984,254,亲子,1672235984,12
991653085,268587445,看看这对父女是怎么吵架的,1678971065,254,亲子,1678971065,70
991653085,437713243,好想出去玩呀～,1677496238,254,亲子,1677496238,84
991653085,567065530,这两人估计是上辈子有恩怨，这辈子才会当父女,1676695382,254,亲子,1676695382,66
991653085,607167149,爸爸你会救我吗？,1672741957,254,亲子,1672741956,77
991653085,264304125,请帮我捂一下小脚吧 “i love u”,1672148244,254,亲子,1672148244,26
991653085,693511618,这小孩多少有点油腻,1675165531,254,亲子,1675165531,33
991653085,612408102,嗞他,1681288070,254,亲子,1681288070,13
991653085,734451369,这样的女儿你确定你不生一个嘛？,1672417737,254,亲子,1672417737,11
991653085,354305660,一定要给小孩拍一组这样的照片,1680152603,254,亲子,1680152603,39
991653085,951261935,难道小孩子都不喜欢刷牙吗？,1679310895,254,亲子,1679310895,62
991653085,440909178,小豆腐公主的一天（上集）,1678773096,254,亲子,1678773096,67
991653085,396351889,我不喜欢你伤心的样子，我希望你开心一点,1679412721,254,亲子,1679412720,21
991653085,692560467,不是每个爸爸都能当首富但是每个爸爸都会打呼噜,1673347498,254,亲子,1673347498,65
991653085,736392280,女儿你还是太嫩了点,1675675150,254,亲子,1675675150,50
991653085,566511918,她真的太可爱了啊啊啊,1675829865,254,亲子,1675829865,20
991653085,905633656,小豆腐祝大家新年快乐,1674365999,254,亲子,1674365999,12
991653085,477127558,大灰狼前传来了,1672656090,254,亲子,1672656090,35
991653085,993027662,今天被女儿教育了,1677939707,254,亲子,1677939707,48
